Designator,Footprint,Quantity,Value,LCSC Part #
"C1, C2",0402,2,10p,
"C10, C15, C3",0603,3,2.2u,
"C11, C13, C14, C5, C6, C8",0805,6,0.1u,
C12,1206,1,22u,
C16,0603,1,1u,
"C17, C18, C19, C20, C23, C24",0603,6,0.1u,
"C21, C22",0402,2,10n,
C4,0805,1,4.7u,
"C7, C9",CAP_A768MS_KEM,2,150u,
"D1, D2, D3",0805,3,LED,
"D4, D5, D6",SOT95P275X110-6N,3,NUP4114HMR6T1G,
"J1, J2",CONN_USB-A-S-VT_ADM,2,USB-A-S-VT,
J3,GCT_USB4110GFA,1,USB4110GFA,
"L1, L2",IND_25_0805_FRT,2,2508051217Y6,
R1,0603,1,634,
"R10, R7, R8, R9",0603,4,330,
"R11, R12, R14, R15, R18, R19, R3, R4",0603,8,100k,
R13,0402,1,NP_1M,
R16,0603,1,12k,
R2,0603,1,1k,
"R5, R6",0603,2,5.1k,
U1,36SQFN-3706-6X6B_MCH,1,USB2512BT/M2,
U3,SOT-223_DIO,1,AZ1117CH-3.3TRG1,
U4,DGN8_1P89X1P57,1,TPS2064DGNR,
Y1,OSCCC320X250X60,1,TSX-322524.0000MF15X-AC3,
