Designator,Mid X,Mid Y,Rotation,Layer
C1,125.091437,-53.847883,45.0,top
C10,156.342184,-37.872499,90.0,top
C11,141.162494,-65.253082,315.0,top
C12,160.621899,-37.544204,0.0,top
C13,123.612017,-58.53867,225.0,top
C14,127.125213,-39.832087,270.0,top
C15,151.606716,-38.013856,270.0,top
C16,142.999266,-49.158377,315.0,top
C17,131.79006,-66.818176,315.0,top
C18,136.631422,-69.43508,315.0,top
C19,126.743432,-61.088523,225.0,top
C2,125.143313,-49.910758,135.0,top
C20,133.642517,-53.570199,90.0,top
C21,139.610164,-66.127643,315.0,top
C22,122.466135,-57.11999,225.0,top
C23,143.523074,-57.744451,45.0,top
C24,142.527491,-63.656816,315.0,top
C3,147.757332,-39.334889,0.0,top
C4,147.73098,-44.104465,180.0,top
C5,141.795271,-70.698299,225.0,top
C6,116.29453,-68.535383,0.0,top
C7,107.95436,-61.72504,0.0,top
C8,109.153271,-36.081682,90.0,top
C9,116.679299,-39.094797,180.0,top
D1,158.762157,-45.572382,270.0,top
D2,111.650096,-82.524683,90.0,top
D3,105.320963,-37.456314,0.0,top
D4,132.258204,-47.472573,180.0,top
D5,113.50361,-47.144727,90.0,top
D6,113.93879,-71.927218,90.0,top
J1,105.916862,-76.255694,270.0,top
J2,105.767312,-46.846293,270.0,top
J3,136.722091,-40.06519,180.0,top
L1,147.785643,-41.589847,180.0,top
L2,153.835308,-38.008317,270.0,top
NT1,150.373641,-62.76552,315.0,top
R1,159.978131,-40.081533,0.0,top
R10,105.265686,-35.054212,0.0,top
R11,138.360737,-52.431269,45.0,top
R12,139.795806,-53.89785,225.0,top
R13,120.936432,-49.916131,45.0,top
R14,142.276624,-56.406438,225.0,top
R15,140.592799,-59.703048,180.0,top
R16,125.383183,-59.863528,45.0,top
R18,141.073242,-55.184543,225.0,top
R19,137.093438,-51.120815,225.0,top
R2,160.03072,-41.907898,0.0,top
R3,144.226861,-72.3303,135.0,top
R4,148.0436,-72.336749,135.0,top
R5,141.739672,-44.388628,180.0,top
R6,130.480231,-43.740749,0.0,top
R7,161.300769,-45.469987,270.0,top
R8,124.64468,-39.812082,270.0,top
R9,113.85598,-82.383531,90.0,top
U1,134.592263,-61.109742,45.0,top
U3,153.570251,-45.589948,0.0,top
U4,146.867988,-68.245251,45.0,top
Y1,123.171236,-51.907642,135.0,top
